,Model,Accuracy,Precision,Recall,F1-Score
0,Random Forest,0.9955014554114845,0.9954233409610984,0.9948542024013722,0.9951386903059766
1,KNN,0.9825350621857635,0.9830654420206659,0.9791309319611207,0.9810942423374391
2,SVM,0.9581899973537973,0.9585014409221903,0.9508290451686678,0.9546498277841562
