,Model,Accuracy,Precision,Recall,F1-Score
0,Random Forest,0.9961630060862662,0.9957130608745356,0.9959977129788451,0.9958553665856795
1,KNN,0.9825350621857635,0.9830654420206659,0.9791309319611207,0.9810942423374391
2,SVM,0.9581899973537973,0.9585014409221903,0.9508290451686678,0.9546498277841562
