,Model,Train Score,Test Score
0,Random Forest,0.9998298741068391,0.9961630060862662
1,KNN,0.9881478961097879,0.9825350621857635
2,SVM,0.9601338323692866,0.9581899973537973
