,Model,Train Score,Test Score
0,Random Forest,0.9996030395826245,0.9952368351415718
1,Decision Tree,1.0,0.9951045250066155
2,KNN,0.9881478961097879,0.9825350621857635
3,SVM,0.9601338323692866,0.9581899973537973
