,Model,Train Score,Test Score
0,Random Forest,0.9998865827378927,0.9961630060862662
1,Decision Tree,0.9998298741068391,0.9961630060862662
2,KNN,0.9934785074288307,0.9846520243450648
3,SVM,0.973857321084269,0.9741995236835141
